time,acc_x,acc_y,acc_z,gyro_x,gyro_y,gyro_z
0.1014413833618164,9.840168823242188,-0.7613561279296874,1.5059528442382812,-5.465648854961832,4.396946564885496,0.33587786259541985
0.20370936393737793,9.832986218261718,-0.7781155395507812,1.5275006591796874,-5.748091603053435,4.5038167938931295,0.5114503816793893
0.3037126064300537,9.80665,-0.7876923461914062,1.6065093139648436,-5.5038167938931295,4.251908396946565,0.366412213740458
0.4037158489227295,9.821015209960937,-0.8379705810546875,1.5011644409179687,-5.694656488549619,4.648854961832061,0.2900763358778626
0.5037200450897217,9.65342109375,-0.70868369140625,1.448492004394531,-5.641221374045801,4.67175572519084,0.6946564885496184
